Find your cartridges
Select cartridge number
Select cartridge number
Adult Colouring Books Ansmann Rechargeable Batteries & Chargers Braun Toothbrushes Canon CL41 Canon CLI521 Set 6 Canon CLI526 Set 5 Canon CLI526 Set 6 Canon CLI551 Set of 5 Canon CLI551 Set of 6 Canon CLI571 Set of 5 Canon CLI571 Set of 6 Canon CLI581 Set of 5 Canon PG37 CL38 Canon PG40 Canon PG40 CL41 Canon PG510 & CL511 Canon PG540 & CL541 Canon PG545 & CL546 Canon PG560 & CL561 Caran d'Ache Ballpoint Pens Caran d'Ache Colouring Pencils Caran d'Ache Pastels Coffee & Spice Grinders Dr Brown's Duracell Alkaline Batteries Duracell Rechargeable Batteries Energizer Alkaline & Specialist Batteries Energizer Rechargeable Batteries & Chargers Epson T1295 Epson T1306 Epson T1806 Epson T2986 Epson T3337 Epson T3476 Epson T3596 GP Alkaline & Specialist Batteries GP Rechargeable Batteries Highlighter Pens HP 21 22 HP 27 28 HP 300 HP 301 HP 302 HP 303 HP 304 HP 305 HP 307 HP 336 342 HP 337 343 HP 338 HP 344 HP 350 351 HP 364 HP 364 Photo HP 56 57 HP 62 HP 901 HP 903XL 907XL HP 912 HP 913 HP 920XL HP 932XL 933XL HP 934XL 935XL HP 940XL HP 950XL 951XL HP 953XL HP 957XL HP 963 HP Zink Photo Paper Kodak 10 Kodak 30 Kodak 5 Lexmark 36 37 LLoytron Rechargeable Batteries & Chargers Lloytron Wireless Door Bells Panasonic Rechargeable Batteries Philips Avent Baby Bottle & Accessories Philips Memory Cards and USB keys Philips Rechargeable Batteries Philips Sonicare Premier Nitrile Gloves Samsung Micro SD Memory Cards Shaving & Hair Removal Staedtler Ballpoint Pens Staedtler Blacklead Pencils Staedtler Colouring & Fineliners Staedtler Colouring Pencils Staedtler Marker Pens Suncream and Aftersun Torches and headlights Wireless Mice
Select printer model
Select printer model
Lexmark X4630 Canon Fax JX200 Canon Fax JX210P Canon Fax JX500 Canon Fax JX510P Canon PIXMA iP1200 Canon PIXMA iP1300 Canon PIXMA iP1600 Canon PIXMA iP1700 Canon PIXMA iP1800 Canon PIXMA iP1900 Canon PIXMA iP2200 Canon PIXMA iP2500 Canon PIXMA iP2600 Canon PIXMA iP2700 Canon PIXMA iP2702 Canon PIXMA iP2850 Canon PIXMA iP2855 Canon PIXMA iP4850 Canon PIXMA iP4950 Canon PIXMA iP6210D Canon PIXMA iP6220D Canon PIXMA iP7250 Canon PIXMA iP8750 Canon PIXMA iX6250 Canon PIXMA iX6550 Canon PIXMA iX6850 Canon PIXMA MG2150 Canon PIXMA MG2250 Canon PIXMA MG2450 Canon PIXMA MG2455 Canon PIXMA MG2545S Canon PIXMA MG2550 Canon PIXMA MG2550S Canon PIXMA MG2555 Canon PIXMA MG2900 Canon PIXMA MG2950 Canon PIXMA MG2950S Canon PIXMA MG2955 Canon PIXMA MG3050 Canon PIXMA MG3051 Canon PIXMA MG3052 Canon PIXMA MG3053 Canon PIXMA MG3150 Canon PIXMA MG3250 Canon PIXMA MG3255 Canon PIXMA MG3550 Canon PIXMA MG3650 Canon PIXMA MG4150 Canon PIXMA MG4250 Canon PIXMA MG5150 Canon PIXMA MG5250 Canon PIXMA MG5350 Canon PIXMA MG5450 Canon PIXMA MG5550 Canon PIXMA MG5650 Canon PIXMA MG5750 Canon PIXMA MG5751 Canon PIXMA MG5752 Canon PIXMA MG5753 Canon PIXMA MG6150 Canon PIXMA MG6250 Canon PIXMA MG6350 Canon PIXMA MG6450 Canon PIXMA MG6650 Canon PIXMA MG6850 Canon PIXMA MG6851 Canon PIXMA MG6852 Canon PIXMA MG6853 Canon PIXMA MG7150 Canon PIXMA MG7550 Canon PIXMA MG7750 Canon PIXMA MG7751 Canon PIXMA MG7752 Canon PIXMA MG7753 Canon PIXMA MG8150 Canon PIXMA MG8250 Canon PIXMA MP140 Canon PIXMA MP150 Canon PIXMA MP160 Canon PIXMA MP170 Canon PIXMA MP180 Canon PIXMA MP190 Canon PIXMA MP210 Canon PIXMA MP220 Canon PIXMA MP230 Canon PIXMA MP235 Canon PIXMA MP240 Canon PIXMA MP250 Canon PIXMA MP252 Canon PIXMA MP260 Canon PIXMA MP270 Canon PIXMA MP272 Canon PIXMA MP280 Canon PIXMA MP282 Canon PIXMA MP450 Canon PIXMA MP450x Canon PIXMA MP460 Canon PIXMA MP470 Canon PIXMA MP480 Canon PIXMA MP490 Canon PIXMA MP492 Canon PIXMA MP495 Canon PIXMA MP499 Canon PIXMA MP980 Canon PIXMA MP990 Canon PIXMA MX300 Canon PIXMA MX310 Canon PIXMA MX320 Canon PIXMA MX330 Canon PIXMA MX340 Canon PIXMA MX350 Canon PIXMA MX360 Canon PIXMA MX375 Canon PIXMA MX395 Canon PIXMA MX410 Canon PIXMA MX420 Canon PIXMA MX435 Canon PIXMA MX455 Canon PIXMA MX475 Canon PIXMA MX495 Canon PIXMA MX515 Canon PIXMA MX525 Canon PIXMA MX535 Canon PIXMA MX715 Canon PIXMA MX725 Canon PIXMA MX885 Canon PIXMA MX895 Canon PIXMA MX925 Canon PIXMA TR4550 Canon PIXMA TR4551 Canon PIXMA TR7550 Canon PIXMA TR8550 Canon PIXMA TS205 Canon PIXMA TS305 Canon PIXMA TS3150 Canon PIXMA TS3151 Canon PIXMA TS3350 Canon PIXMA TS3351 Canon PIXMA TS3352 Canon PIXMA TS5050 Canon PIXMA TS5051 Canon PIXMA TS5053 Canon PIXMA TS5055 Canon PIXMA TS5150 Printer Canon PIXMA TS5151 Printer Canon PIXMA TS5350 Canon PIXMA TS5351 Canon PIXMA TS5352 Canon PIXMA TS5353 Canon PIXMA TS6050 Canon PIXMA TS6051 Canon PIXMA TS6052 Canon PIXMA TS6150 Canon PIXMA TS6151 Canon PIXMA TS6250 Canon PIXMA TS6251 Canon PIXMA TS6350 Canon PIXMA TS6351 Canon PIXMA TS705 Canon PIXMA TS8050 Canon PIXMA TS8051 Canon PIXMA TS8052 Canon PIXMA TS8053 Canon PIXMA TS8150 Canon PIXMA TS8151 Canon PIXMA TS8152 Canon PIXMA TS8250 Canon PIXMA TS8251 Canon PIXMA TS8252 Canon PIXMA TS8350 Canon PIXMA TS8351 Canon PIXMA TS8352 Canon PIXMA TS9050 Canon PIXMA TS9150 Canon PIXMA TS9155 Canon PIXMA TS9550 Canon PIXMA TS9551C Epson Stylus Office B42WD Epson Stylus Office BX305F Epson Stylus Office BX305FW Plus Epson Stylus Office BX320FW Epson Stylus Office BX525WD Epson Stylus Office BX625FWD Epson Stylus Office BX630FW Epson Stylus Office BX635FWD Epson Stylus Office BX925FWD Epson Stylus Office BX935FWD Epson Stylus S22 Epson Stylus SX125 Epson Stylus SX130 Epson Stylus SX235W Epson Stylus SX425W Epson Stylus SX435W Epson Stylus SX438W Epson Stylus SX445W Epson Stylus SX525WD Epson Stylus SX535WD Epson Stylus SX620FW Epson WorkForce Pro WF-3720DWF Epson WorkForce Pro WF-3725DWF Epson WORKFORCE PRO WF-4720DWF Epson WORKFORCE PRO WF-4725DWF Epson WORKFORCE PRO WF-4730DTWF Epson WORKFORCE PRO WF-4740DTWF Epson WorkForce WF-3010DW Epson WorkForce WF-3520DWF Epson WorkForce WF-3530DTWF Epson WorkForce WF-3540DTWF Epson WorkForce WF-7015 Epson WorkForce WF-7515 Epson WorkForce WF-7525 Expression Home XP-102 Expression Home XP-202 Expression Home XP-205 Expression Home XP-212 Expression Home XP-215 Expression Home XP-225 EXPRESSION HOME XP-235 EXPRESSION HOME XP-245 EXPRESSION HOME XP-247 Expression Home XP-30 Expression Home XP-305 Expression Home XP-312 Expression Home XP-315 Expression Home XP-322 Expression Home XP-325 EXPRESSION HOME XP-332 EXPRESSION HOME XP-335 EXPRESSION HOME XP-342 EXPRESSION HOME XP-345 Expression Home XP-405 Expression Home XP-405WH Expression Home XP-415 Expression Home XP-422 Expression Home XP-425 EXPRESSION HOME XP-432 EXPRESSION HOME XP-435 EXPRESSION HOME XP-442 EXPRESSION HOME XP-445 Expression Premium XP-530 Expression Premium XP-540 Expression Premium XP-630 Expression Premium XP-635 Expression Premium XP-640 Expression Premium XP-645 Expression Premium XP-830 Expression Premium XP-900 HP AMP 130 HP Deskjet 1000 Printer HP Deskjet 1010 Printer HP Deskjet 1012 Printer HP Deskjet 1014 Printer HP Deskjet 1050 Printer HP Deskjet 1050A Printer HP Deskjet 1050se Printer HP Deskjet 1051 Printer Hp Deskjet 1055 Printer Hp Deskjet 1056 Printer HP Deskjet 1110 HP Deskjet 1510 Printer HP Deskjet 1512 Printer HP Deskjet 1514 Printer HP Deskjet 2000 Printer HP Deskjet 2050 Printer HP Deskjet 2050A Printer HP Deskjet 2050se Printer HP Deskjet 2054A Printer HP Deskjet 2130 HP Deskjet 2132 HP Deskjet 2133 HP Deskjet 2134 HP Deskjet 2510 Printer Hp Deskjet 2512 Printer HP Deskjet 2514 Printer HP Deskjet 2540 Printer HP Deskjet 2542 Printer HP Deskjet 2543 Printer HP Deskjet 2544 Printer HP Deskjet 2547 Printer HP Deskjet 2548 Printer HP Deskjet 2549 Printer HP DeskJet 2620 HP DeskJet 2622 HP DeskJet 2630 HP DeskJet 2632 HP DeskJet 2633 HP DeskJet 2634 HP DeskJet 2710 HP DeskJet 2720 HP DeskJet 2721 HP DeskJet 2722 HP DeskJet 2723 HP DeskJet 2724 HP Deskjet 3000 Printer HP Deskjet 3050 Printer HP Deskjet 3050A Printer HP Deskjet 3050se Printer HP Deskjet 3050ve Printer HP Deskjet 3052A Printer HP Deskjet 3054 Printer HP Deskjet 3054A Printer HP Deskjet 3055A Printer HP Deskjet 3057A Printer HP Deskjet 3059A Printer HP Deskjet 3070A HP Deskjet 3510 Printer HP Deskjet 3520 HP Deskjet 3630 HP Deskjet 3632 HP Deskjet 3633 HP Deskjet 3634 HP Deskjet 3636 HP Deskjet 3637 HP Deskjet 3638 HP DeskJet 3639 HP Deskjet 3720 HP Deskjet 3730 HP DeskJet 3732 HP DeskJet 3733 HP DeskJet 3735 HP DeskJet 3750 HP DeskJet 3760 HP DeskJet 3762 HP DeskJet 3764 HP Deskjet 3920 HP Deskjet 3940 HP Deskjet 460c HP Deskjet 460cb HP Deskjet 460wbt HP Deskjet 460wf HP Deskjet 5740 HP Deskjet 5745 HP Deskjet 5940 HP Deskjet 6520 HP Deskjet 6540 HP Deskjet 6540d HP Deskjet 6620 HP Deskjet 6840 HP Deskjet 6940 HP Deskjet 6980 HP Deskjet 9800 HP Deskjet 9800d HP Deskjet D1360 HP Deskjet D1460 HP Deskjet D1470 HP Deskjet D1560 HP Deskjet D1660 HP Deskjet D2330 HP Deskjet D2360 HP Deskjet D2430 HP Deskjet D2460 HP Deskjet D2560 HP Deskjet D2660 HP Deskjet D4160 HP Deskjet D4260 HP Deskjet D4360 HP Deskjet D5560 HP Deskjet F2180 HP Deskjet F2187 HP Deskjet F2224 HP Deskjet F2280 HP Deskjet F2290 HP Deskjet F2420 HP Deskjet F2480 HP Deskjet F2492 HP Deskjet F370 HP Deskjet F375 HP Deskjet F380 HP Deskjet F390 HP Deskjet F4140 HP Deskjet F4172 HP Deskjet F4180 HP Deskjet F4190 Printer HP Deskjet F4210 HP Deskjet F4224 HP Deskjet F4272 HP Deskjet F4280 HP Deskjet F4580 HP DeskJet Ink Advantage 5645 HP DeskJet Plus 4110 HP DeskJet Plus 4120 HP DeskJet Plus 4122 HP DeskJet Plus 4130 HP Envy 100 HP Envy 110 HP Envy 120 HP ENVY 4500 Printer HP ENVY 4502 Printer HP ENVY 4503 Printer HP ENVY 4504 Printer HP ENVY 4505 Printer HP ENVY 4507 Printer HP ENVY 4508 Printer HP ENVY 4513 Printer HP ENVY 4520 HP ENVY 4521 HP ENVY 4522 HP ENVY 4523 HP ENVY 4524 HP ENVY 4525 HP ENVY 4526 Printer HP ENVY 4527 HP ENVY 4528 HP ENVY 5010 HP ENVY 5020 HP ENVY 5030 HP ENVY 5032 HP ENVY 5055 HP ENVY 5530 Printer HP ENVY 5532 Printer HP ENVY 5534 Printer HP ENVY 5536 Printer HP ENVY 5539 Printer HP ENVY 5540 HP ENVY 5541 HP ENVY 5542 HP ENVY 5543 HP ENVY 5544 HP ENVY 5546 HP ENVY 5547 HP ENVY 5548 HP ENVY 5640 HP ENVY 5642 HP ENVY 5644 HP ENVY 5646 HP ENVY 6010 HP ENVY 6020 HP ENVY 6022 HP ENVY 6030 HP ENVY 6032 HP ENVY 7640 HP Envy D410a HP ENVY Photo 6220 Printer HP ENVY Photo 6230 Printer HP ENVY Photo 6232 Printer HP ENVY Photo 6234 Printer HP ENVY Photo 7120 Printer HP ENVY Photo 7130 Printer HP ENVY Photo 7132 Printer HP ENVY Photo 7134 Printer HP ENVY Photo 7820 Printer HP ENVY Photo 7830 Printer HP ENVY Photo 7832 Printer HP ENVY Pro 6420 HP ENVY Pro 6422 HP ENVY Pro 6430 HP ENVY Pro 6432 HP Fax 3180 HP Officejet 100 Mobile HP Officejet 150 Mobile HP OfficeJet 200 Mobile Printer HP OfficeJet 200c Mobile Printer HP Officejet 2350 HP OfficeJet 250 Mobile Printer HP Officejet 2620 Printer HP Officejet 2622 Printer HP Officejet 2624 Printer HP Officejet 3830 HP Officejet 3831 HP Officejet 3832 HP Officejet 3833 HP Officejet 3834 HP Officejet 3835 HP Officejet 4315 HP Officejet 4355 HP OfficeJet 4500 Printer HP Officejet 4620 HP Officejet 4622 HP Officejet 4630 Printer HP Officejet 4634 Printer HP Officejet 4636 Printer HP Officejet 4639 Printer HP Officejet 4650 HP Officejet 4651 HP Officejet 4652 HP Officejet 4654 HP Officejet 4655 HP OfficeJet 4656 Printer HP Officejet 4657 HP Officejet 4658 HP OfficeJet 5220 Printer HP OfficeJet 5230 Printer HP OfficeJet 5232 Printer HP OfficeJet 5255 Printer HP Officejet 5740 HP Officejet 5742 HP Officejet 5744 HP Officejet 5746 HP Officejet 6100 HP Officejet 6205 HP Officejet 6210 HP Officejet 6215 HP Officejet 6310 HP Officejet 6315 HP Officejet 6600 HP Officejet 6700 HP Officejet 6820 Printer HP Officejet 7100 WF HP Officejet 7210 HP Officejet 7310 HP Officejet 7410 HP Officejet 7610 WF HP Officejet 7612 WF HP OfficeJet 8012 HP OfficeJet 8014 HP OfficeJet 8015 HP OfficeJet 8017 HP OfficeJet G510a Printer HP OfficeJet G510g Printer HP OfficeJet G510n Printer HP Officejet H470 HP Officejet H470b HP Officejet H470wbt HP Officejet J3680 HP OfficeJet J4524 Printer HP OfficeJet J4535 Printer HP OfficeJet J4580 Printer HP OfficeJet J4624 Printer HP OfficeJet J4660 Printer HP OfficeJet J4680 Printer HP Officejet J5730 HP Officejet J5780 HP Officejet J5785 HP Officejet J6410 HP Officejet J6415 HP Officejet J6424 HP Officejet K7100 HP Officejet MFP P27724dw Printer HP OfficeJet P25220dw Printer HP Officejet Pro 6230 Printer HP Officejet Pro 6830 Printer HP OfficeJet Pro 6830c Printer HP OfficeJet Pro 6950 HP OfficeJet Pro 6960 HP Officejet Pro 6961 HP Officejet Pro 6963 HP Officejet Pro 6964 HP Officejet Pro 6965 HP Officejet Pro 6966 HP OfficeJet Pro 6970 HP Officejet Pro 6971 HP Officejet Pro 6974 HP Officejet Pro 6976 HP Officejet Pro 6978 HP Officejet Pro 6979 HP OfficeJet Pro 7740 HP Officejet Pro 8000 HP OfficeJet Pro 8022 HP OfficeJet Pro 8023 HP OfficeJet Pro 8024 HP OfficeJet Pro 8025 HP OfficeJet Pro 8210 HP OfficeJet Pro 8211 Printer HP OfficeJet Pro 8218 HP Officejet Pro 8500 HP Officejet Pro 8500A HP Officejet Pro 8500A Plus HP OfficeJet Pro 8710 HP Officejet Pro 8711 Printer HP OfficeJet Pro 8715 HP OfficeJet Pro 8716 HP Officejet Pro 8717 Printer HP Officejet Pro 8718 Printer HP Officejet Pro 8719 Printer HP OfficeJet Pro 8720 HP Officejet Pro 8721 Printer HP OfficeJet Pro 8725 HP Officejet Pro 8728 Printer HP OfficeJet Pro 8730 HP Officejet Pro 8731 Printer HP OfficeJet Pro 8740 HP OfficeJet Pro 9010 HP OfficeJet Pro 9012 HP OfficeJet Pro 9014 HP OfficeJet Pro 9015 HP OfficeJet Pro 9016 HP OfficeJet Pro 9019 HP OfficeJet Pro 9020 HP OfficeJet Pro 9022 HP OfficeJet Pro 9025 HP Photosmart 2570 HP Photosmart 2575 HP Photosmart 2610 HP Photosmart 2710 HP Photosmart 5510 HP Photosmart 5515 HP Photosmart 5520 HP Photosmart 5522 HP Photosmart 5524 HP Photosmart 6510 HP Photosmart 6520 HP Photosmart 7510 HP Photosmart 7520 HP Photosmart 7850 HP Photosmart 8050 HP Photosmart 8150 HP Photosmart 8450 HP Photosmart 8450gp HP Photosmart 8750 HP Photosmart 8750gp HP Photosmart B010a HP Photosmart B109a HP Photosmart B109d HP Photosmart B109f HP Photosmart B8550 HP Photosmart C3170 HP Photosmart C3175 HP Photosmart C3180 HP Photosmart C3190 HP Photosmart C4180 HP Photosmart C4190 HP Photosmart C4205 HP Photosmart C4270 HP Photosmart C4272 HP Photosmart C4280 HP Photosmart C4340 HP Photosmart C4380 HP Photosmart C4390 HP Photosmart C4424 HP Photosmart C4472 HP Photosmart C4480 HP Photosmart C4485 HP Photosmart C4524 HP Photosmart C4580 HP Photosmart C4585 HP Photosmart C4599 HP Photosmart C4670 HP Photosmart C4680 HP Photosmart C4685 HP Photosmart C4780 HP Photosmart C5280 HP Photosmart C5288 HP Photosmart C5324 HP Photosmart C5380 HP Photosmart C6324 HP Photosmart C6380 HP Photosmart D5160 HP Photosmart D5360 HP Photosmart D5460 HP Photosmart Plus B209a HP Photosmart Plus B209c HP Photosmart Plus B210a HP Photosmart Plus B210c HP Photosmart Premium C309g HP Photosmart Premium C309n HP Photosmart Premium C310a HP Photosmart Premium Fax C309a HP Photosmart Premium Fax C410b HP Photosmart Pro B8350 HP Photosmart Wireless B109n HP Photosmart Wireless B110a HP Photosmart Wireless B110c HP Photosmart Wireless B110e HP PSC 1402 HP PSC 1410 HP PSC 1415 HP PSC 1417 HP PSC 1507 HP PSC 1510 HP PSC 1510s HP PSC 1600 HP PSC 1610 HP PSC 2355 HP PSC 2355p HP Sprocket Photo Printer HP TANGO Printer HP TANGO X Printer Kodak EASYSHARE 5100 Kodak EASYSHARE 5300 Kodak EASYSHARE 5500 Kodak ESP 1.2 Kodak ESP 3 Kodak ESP 3.2 Kodak ESP 3.2s Kodak ESP 3250 Kodak ESP 5 Kodak ESP 5210 Kodak ESP 5250 Kodak ESP 7 Kodak ESP 7250 Kodak ESP 9 Kodak ESP 9250 Kodak ESP C110 Kodak ESP C310 Kodak ESP C315 Kodak ESP Office 2150 Kodak ESP Office 2170 Kodak HERO 2.2 Kodak HERO 3.1 Kodak HERO 4.2 Kodak HERO 5.1 Kodak HERO 7.1 Kodak HERO 9.1 Kodak Office HERO 6.1 Kodak Verite 55 Mega Plus Printer Kodak Verite 55 Printer Kodak Verite 55 SE Printer Kodak Verite 55W Eco Printer Kodak Verite 55XL Plus Printer Kodak Verite 60 Eco Printer Kodak Verite 65 Mega Plus Printer Kodak Verite 65 Plus Printer Lexmark X3630 Lexmark X3650 Lexmark X4650 Lexmark X5630 Lexmark X5650 Lexmark X6650 Lexmark X6675 Lexmark Z2410 Lexmark Z2420 MUFC Limited Edition Printer Photosmart 7510 Photosmart 7520 Photosmart B8550 Photosmart C5324 Photosmart C5380 Photosmart C6324 Photosmart C6380 Photosmart D5460 Photosmart e-Station C510a Photosmart e-Station C510a Photosmart Premium C309g Photosmart Premium C309n Photosmart Premium C310a Photosmart Premium Fax C309a Photosmart Premium Fax C410b
Popular products
Only £28.75
Black - 3.5ml Colour - 4ml Genuine original HP ink cartridges Fully boxed in original retail packaging In date with long expiry dates Sourced only from authorised UK distributors Covered by full manufacturer’s warranty P/N N9J72AE (CH561EE & CH562EE)
Only £39.95
Black - 6ml Cyan - 3ml Magneta - 3ml Yellow - 3ml Genuine original HP ink cartridges Boxed in original retail packaging In date with long expiry dates Sourced only from authorised UK distributors Covered by full manufacturer’s warranty P/N N9J73AE
Only £36.95
Black - 8ml Colour - 8ml Genuine original Canon ink cartridges Fully boxed & in original retail packaging Sourced only from authorised UK distributors Covered by full manufacturer’s warranty P/N 5225B006AA
Only £34.95
Black - 9ml Colour - 9ml Genuine original Canon ink cartridges Fully boxed & in original retail packaging Sourced only from authorised UK distributors Covered by full manufacturer’s warranty P/N 2970B010AA
Only £35.95
Black - 8ml Colour - 8ml Genuine original Canon ink cartridges Fully boxed & in original retail packaging Sourced only from authorised UK distributors Covered by full manufacturer’s warranty P/N 8287B005AA Watch our video
Only £40.95In stock Thurs
Black - 4ml Colour - 4.5ml Genuine original HP ink cartridges Fully boxed in original retail packaging In date with long expiry dates Sourced only from authorised UK distributors Covered by full manufacturer’s warranty P/N C2P04AE,C2P06AE
Only £26.95In stock Thurs
Set of 4 Epson T2986 Multipack Inks Strawberry ink cartridges / Epson 29 Black - 5.3ml Colours - 3.2ml each Genuine original Epson ink cartridges Fully boxed & in original retail packaging In date with long expiry dates Sourced only from authorised UK distributors Covered by full manufacturer’s warranty P/N C13T29864010
Only £42.95In stock Thurs
Black - Approx. 400 pages Colour - Approx. 360 pages Genuine original Kodak ink cartridges Fully boxed & in original retail packaging Sourced only from authorised UK distributors Covered by full manufacturer’s warranty P/N ALK1UK, ALT1UK
Only £27.75
Black - 3.5ml Colour - 4ml Genuine original HP ink cartridge Fully boxed & in original retail packaging In date with long expiry dates Sourced only from authorised UK distributors Covered by full manufacturer’s warranty P/N X4D37AE (F6U66AE / F6U65AE)
Only £7.75In stock Thurs
PGI570XL Black - 22ml CLI571XL Black - 11ml CLI571XL Cyan - 11ml CLI571XL Magenta - 11ml CLI571XL Yellow - 11ml Compatible not genuine cartridges Chipped so easy to install just like originals Will display ink levels
Only £22.75
Black - 3.5ml Colour - 4ml Genuine original HP ink cartridge Fully boxed & in original retail packaging In date with long expiry dates Sourced only from authorised UK distributors Covered by full manufacturer’s warranty P/N 3JB05AE
Only £38.95
Black - 4ml Colour - 4ml Standard capacity cartridge Genuine original HP ink cartridges Boxed in original retail packaging In date with long expiry dates Sourced only from authorised UK distributors Covered by full manufacturer’s warranty P/N 3YM92AE (T6N02AE, T6N01AE)
Only £26.95
Black - 7.5ml, Colour - 8.3ml Genuine original Canon ink cartridges Fully boxed & in original retail packaging Sourced only from authorised UK distributors Covered by full manufacturer’s warranty P/N 3713C006AA
Only £11.95
Black - 2ml Genuine original HP ink cartridges Boxed in original retail packaging In date with long expiry dates Sourced only from authorised UK distributors Covered by full manufacturer’s warranty P/N 3YM61AE
Only £50.95
PGI580 Black - 11.2ml CLI581 Black - 5.6ml CLI581 Cyan - 5.6ml CLI581 Magenta - 5.6ml CLI581 Yellow - 5.6ml Genuine Canon ink cartridges Boxed in original retail packaging P/N 2078C006